# redirects will process the first matching rule it finds, reading from top to bottom.
# https://docs.netlify.com/routing/redirects/

# Releases
/docs/releases /docs/deploy/releases

# Configuration & Settings Reference (reference links redirect correctly)
/docs/reference/reference /docs/reference
/docs/reference/reference.html /docs/reference
/docs/configuration/ /docs/reference
/docs/config-reference.html /docs/reference
/configuration/ /docs/reference

# Community links (community links redirect correctly)
/community/ /docs/community/
/community/index.html /docs/community/
/community/contributing /docs/community/contributing
/community/contributing.html /docs/community/contributing
/community/code-of-conduct /docs/community/code-of-conduct
/community/code-of-conduct.html /docs/community/code-of-conduct
/community/security /docs/internals/security
/community/security.html /docs/internals/security
/docs/community/security /docs/internals/security
/docs/security /docs/internals/security
/docs/security.html /docs/internals/security
/docs/community/security.html /docs/internals/security

# Guide and examples links
/guide/ /docs/quick-start/
/guide/kubernetes.html /docs/k8s
/guide/kubernetes /docs/k8s
/docs/k8s /docs/deploying/k8s/quickstart
/guide/synology /docs/guides/synology
/guide/synology.html /docs/guides/synology
/docs/quick-start/synology.html /docs/guides/synology

/docs/examples.html /docs/guides
/docs/examples /docs/guides

# 301 deprecated guides in v21 to v20 guides
/docs/guides/nginx https://0-20-0.docs.pomerium.com/docs/guides/nginx 301!
/docs/guides/nginx.html https://0-20-0.docs.pomerium.com/docs/guides/nginx 301!
/docs/guides/traefik-ingress https://0-20-0.docs.pomerium.com/docs/guides/traefik-ingress 301!
/docs/guides/traefik-ingress.html https://0-20-0.docs.pomerium.com/docs/guides/traefik-ingress 301!
/guides/traefik-ingress.html https://0-20-0.docs.pomerium.com/docs/guides/traefik-ingress 301!
/docs/reference/forward-auth https://0-20-0.docs.pomerium.com/docs/reference/forward-auth 301!
https://0-20-0.docs.pomerium.com/category/guides https://0-20-0.docs.pomerium.com/docs/guides
/docs/reference/policy/allowed-domains https://0-14-0.docs.pomerium.com/reference
/docs/reference/policy/allowed-idp-claims https://0-14-0.docs.pomerium.com/reference
/docs/reference/policy/allowed-users https://0-14-0.docs.pomerium.com/reference
/docs/reference/policy/policy-explanation https://0-14-0.docs.pomerium.com/reference
/docs/reference/policy/policy-remediation https://0-14-0.docs.pomerium.com/reference
/docs/reference/policy/policy https://0-14-0.docs.pomerium.com/reference

# Link from v23 to v22
/docs/reference/routes/headers#set-authorization-header https://0-22-0.docs.pomerium.com/reference/routes/headers#set-authorization-header


# 301 Helm and Kubernetes redirects
/docs/guides/helm https://0-19-0.docs.pomerium.com/docs/guides/helm 301!
/docs/releases/enterprise/install/helm https://0-19-0.docs.pomerium.com/docs/enterprise/install/helm 301!
/docs/enterprise/install/helm.html https://0-19-0.docs.pomerium.com/docs/enterprise/install/helm 301!
/docs/guides/kubernetes https://0-19-0.docs.pomerium.com/docs/guides/kubernetes 301!
/docs/guides/kubernetes-dashboard https://0-19-0.docs.pomerium.com/docs/guides/kubernetes-dashboard 301!
/docs/guides/kubernetes-dashboard.html https://0-19-0.docs.pomerium.com/docs/guides/kubernetes-dashboard 301!
/guides/kubernetes-dashboard.html https://0-19-0.docs.pomerium.com/docs/guides/kubernetes-dashboard 301!
/recipes/kubernetes.html https://0-20-0.docs.pomerium.com/docs/guides/kubernetes 301!

# /guides/ redirects to capabilities pages
/docs/guides/enroll-device /docs/capabilities/device-identity
/docs/guides/enroll-device.html /docs/capabilities/device-identity
/docs/guides/admin-enroll-device.html /docs/capabilities/device-identity
/docs/guides/admin-enroll-device /docs/capabilities/device-identity
/docs/guides/mtls /docs/capabilities/mtls-clients
/docs/guides/mtls.html /docs/capabilities/mtls-clients
/docs/guides/upstream-mtls /docs/capabilities/mtls-services
/docs/guides/upstream-mtls.html /docs/capabilities/mtls-services
/guides/tcp /docs/capabilities/tcp

# More docs guides redirects
/recipes/* /docs/guides/:splat
/category/guides /docs/guides

# /guides/ splat
/guides/* /docs/guides/:splat
/docs/guides/tcp /docs/guides/securing-tcp
/docs/guides/tcp.html /docs/guides/securing-tcp
/guides/vs-code-server.html /docs/guides/code-server
/guides/local-oidc.html /docs/guides/local-oidc

# Reference, capabilities, topics, concepts links
/docs/reference/readme.html /docs/
/docs/concepts/namespacing /docs/capabilities/namespacing
/docs/concepts/policies /docs/internals/glossary#policy
# Redirects incorrectly
/docs/reference/certificates.html /docs/topics/certificates
/docs/topics/certificates /docs/concepts/certificates

# This link requires multiple redirects
/docs/reference/data-storage.html /docs/topics/data-storage
/docs/topics/data-storage /docs/concepts/data-storage
/docs/concepts/data-storage /docs/internals/data-storage
/docs/topics/data-storage.html /docs/internals/data-storage

# This link requires multiple redirects
/docs/reference/getting-users-identity.html /docs/topics/getting-users-identity
/docs/topics/getting-users-identity /docs/concepts/getting-users-identity
/docs/concepts/getting-users-identity /docs/capabilities/getting-users-identity

/docs/topics/getting-users-identity.html /docs/capabilities/getting-users-identity
# This link requires multiple redirects
/docs/reference/production-deployment.html /docs/topics/production-deployment
/docs/topics/production-deployment /docs/deploying/production-deployment

/docs/topics/production-deployment.html /docs/deploying/production-deployment
/docs/production-deployment /docs/deploying/production-deployment
/docs/production-deployment.html /docs/deploying/production-deployment
/docs/production/security /docs/deploying/production-deployment
/docs/production/production-deployment /docs/deploying/production-deployment

# This links requires multiple redirects
/docs/reference/programmatic-access.html /docs/topics/programmatic-access
/docs/topics/programmatic-access /docs/concepts/programmatic-access
/docs/concepts/programmatic-access /docs/capabilities/programmatic-access

/docs/topics/programmatic-access.html /docs/capabilities/programmatic-access


# Blog posts
/posts/2020/06/01/release-0-9/ /blog/posts-2020-06-01-release-0-9/
/posts/2020/05/11/release-0-8/ /blog/announcing-pomerium-0-8/
/posts/2020/04/16/release-0-7/ /blog/announcing-pomerium-0-7/
/blog/tag/releases /blog
/blog/tag/tcp /blog
/blog/tag/kubernetes /blog
/blog/tag/istio /blog
/blog/author/pomerium/feed /blog
# Careers
/jobs/ /careers/
/jobs/Frontend-Engineer.html /careers/frontend-engineer/
/jobs/Backend-Engineer.html /careers/backend-engineer/

# Redirects enterprise links
/enterprise/ /docs/enterprise
/docs/enterprise /docs/releases/enterprise/about
/enterprise/service-accounts/ /docs/capabilities/service-accounts
/enterprise/service-accounts.html /docs/capabilities/service-accounts
/enterprise/prometheus.html /docs/capabilities/metrics
/enterprise/prometheus /docs/capabilities/metrics
/docs/enterprise/reference/ /docs/releases/enterprise/configure
/docs/enterprise/reference/configure /docs/releases/enterprise/configure
/docs/enterprise/reference/configure.html /docs/releases/enterprise/configure
/docs/enterprise/reference/config /docs/releases/enterprise/configure
/docs/enterprise/reference/config.html /docs/releases/enterprise/configure
/enterprise/reference/configure.html /docs/releases/enterprise/configure
/enterprise/reference/config.html /docs/releases/enterprise/configure
/enterprise/concepts.html /docs/concepts/access-control
# /docs/enterprise/about uses multiple redirects
/docs/enterprise/about /docs/releases/enterprise
/docs/releases/enterprise /docs/releases/enterprise/about
/docs/enterprise/about.html /docs/releases/enterprise/about
/enterprise/reference/reports.html /docs/capabilities/reports

/enterprise/install/helm.html /docs/releases/enterprise/install/helm
/enterprise/* /docs/enterprise/:splat

# /docs/releases/ and /docs/deploying/ splats for v22 sidebar restructure
/docs/enterprise/upgrading /docs/deploy/enterprise/upgrading
/docs/releases/changelog /docs/deploy/core/changelog
/docs/releases/upgrading /docs/deploy/core/upgrading
/docs/deploying/binary /docs/deploy/core/binary
/docs/deploying/from-source /docs/deploy/core/from-source
/enterprise/about /docs/deploy/enterprise
/docs/deploy/enterprise/about /docs/deploy/enterprise
/docs/releases/enterprise /docs/deploy/enterprise
/docs/deploy/enterprise/install/installation /docs/deploy/enterprise/install
/docs/releases/enterprise/install/quickstart /docs/deploy/enterprise/quickstart
/docs/releases/* /docs/deploy/:splat
/docs/deploying/* /docs/deploy/:splat

# v22 sidebar client redirects
/docs/deploy/pomerium-cli /docs/deploy/clients/pomerium-cli
/docs/deploy/pomerium-desktop /docs/deploy/clients/pomerium-desktop

#  Installation and deployment methods redirects
/docs/deploy/enterprise/install/docker /docs/deploy/enterprise/install
/docs/deploy/enterprise/install/kustomize /docs/deploy/enterprise/install
/docs/deploy/enterprise/install/os-packages /docs/deploy/enterprise/install
/docs/installation.html /docs/install
/docs/installation /docs/install
# /docs/quick-start uses multiple redirects
/docs/quick-start /docs/install
/docs/install/ /docs/quickstart

# /docs/quick-start/binary.html uses multiple redirects
/docs/quick-start/binary.html /docs/install/binary
/docs/install/binary /docs/releases/core

# /docs/quick-start/binary uses multiple redirects
/docs/quick-start/binary /docs/install/binary
/docs/install/binary /docs/releases/core
/docs/releases/core /docs/deploying/binary

/docs/install/binary.html /docs/deploying/binary

# Helm links
/docs/quick-start/helm.html /docs/k8s/helm
/docs/k8s/helm /docs/guides/helm
/docs/enterprise/install/helm /docs/guides/helm

# /docs/install/helm.html uses multiple redirects
/docs/install/helm.html /docs/k8s/helm
/docs/k8s/helm /docs/guides/helm

/docs/k8s/helm.html /docs/guides/helm
/docs/install/helm /docs/releases/enterprise/install/helm
/docs/k8s/quickstart /docs/deploying/k8s/quickstart

# From-source links
/docs/quick-start/from-source.html /docs/install/from-source
/docs/install/from-source /docs/deploying/from-source
/docs/install/from-source.html /docs/deploying/from-source

# Enterprise and Core quickstarts
/docs/install/quickstart /docs/quickstart
/docs/enterprise/install/quickstart /docs/deploy/enterprise/quickstart
/docs/enterprise/install/quickstart.html /docs/deploy/enterprise/quickstart
/docs/enterprise/install /docs/deploy/enterprise/quickstart
/enterprise/install/ /docs/deploy/enterprise/quickstart

/docs/enterprise/concepts /docs/capabilities/authentication
/docs/enterprise/concepts.html /docs/capabilities/authentication
/docs/enterprise/reference/manage /docs/capabilities/authentication
/docs/enterprise/reference/manage.html /docs/capabilities/authentication
/docs/enterprise/reference/reports /docs/capabilities/reports
/docs/enterprise/external-data /docs/integrations/
/docs/enterprise/branding /docs/capabilities/branding
/docs/enterprise/branding/logo /docs/capabilities/branding
/docs/enterprise/branding/colors /docs/capabilities/branding
/docs/enterprise/api.html /docs/capabilities/enterprise-api
/docs/enterprise/api /docs/capabilities/enterprise-api

# redirects all /docs/enterprise/identity-providers to /docs/identity-providers
/docs/enterprise/identity-providers/* /docs/identity-providers/:splat

#redirects /docs/enterprise/external-data/* to /docs/integrations/
/docs/enterprise/external-data/* /docs/integrations/:splat

# TCP links

# /docs/topics/tcp-support.html uses multiple redirects
/docs/topics/tcp-support.html /docs/tcp/
/docs/tcp /docs/capabilities/tcp
# multiple redirects
/docs/topics/tcp-support /docs/tcp/
/docs/tcp /docs/capabilities/tcp


# /docs/client.html uses multiple redirects
/docs/client.html /docs/tcp/client
/docs/tcp/client.html /docs/capabilities/tcp/client
/docs/tcp/client /docs/capabilities/tcp/client

/docs/capabilities/tcp/reference/tcp-cli-reference /docs/capabilities/tcp/reference
/docs/capabilities/tcp/examples/service-template.html /docs/capabilities/tcp
# splats
/docs/tcp/examples/* /docs/capabilities/tcp/examples/:splat
/docs/tcp/* /docs/capabilities/tcp/examples/:splat

# Enterprise metrics links
/docs/enterprise/metrics.html /docs/capabilities/metrics
/docs/enterprise/metrics /docs/capabilities/metrics

# redirects /examples/ links
# /examples/js-sdk/express-server 404s
/examples/js-sdk/express-server /docs/capabilities/jwt-verification

# Kubernetes links
# /docs/topics/kubernetes-integration.html uses multiple redirects
/docs/topics/kubernetes-integration.html /docs/k8s/
/docs/k8s /docs/deploying/k8s/quickstart
/docs/k8s/reference /docs/deploying/k8s/reference
/docs/k8s/ingress /docs/deploy/k8s/ingress
/docs/k8s/ingress.html /docs/deploy/k8s/ingress
/docs/k8s/install /docs/deploying/k8s/install
/docs/quick-start/kubernetes.html /docs/deploy/k8s/quickstart
/docs/reference/docs/deploy/k8s/install /docs/deploy/k8s/install

/docs/k8s/configure /docs/deploying/k8s/configure
/docs/topics/kubernetes-integration /docs/deploying/k8s/quickstart
/docs/topics/ingress /docs/deploy/k8s/ingress
# Still 404s...
/kubernetes/ /docs/deploying/k8s/quickstart

# Troubleshooting and FAQs
/docs/FAQ.html /docs/troubleshooting
/docs/troubleshooting /docs/internals/troubleshooting
/docs/troubleshooting.html /docs/internals/troubleshooting
/docs/faq /docs/internals/troubleshooting

# /docs/glossary.html uses multiple redirects
/docs/glossary.html /docs/overview/glossary
/docs/glossary /docs/internals/glossary
/docs/overview/glossary /docs/internals/glossary


# Releases and upgrading guides
# /docs/releases.html has multiple redirects
/docs/releases.html /docs/overview/releases
/docs/overview/releases /docs/releases
# /docs/architecture.html has multiple redirects
/docs/architecture.html /docs/overview/architecture
/docs/overview/architecture /docs/internals/architecture

/docs/architecture /docs/internals/architecture
# /docs/background.html has multiple redirects
/docs/background /docs/concepts/zero-trust
/docs/background.html /docs/overview/background
/docs/overview/background /docs/concepts/zero-trust

/docs/upgrading.html /docs/overview/upgrading
/docs/upgrading /docs/releases/upgrading
# /docs/changelog.html has multiple redirects
/docs/changelog.html /docs/overview/changelog
/docs/overview/changelog /docs/releases/changelog
# /docs/changelog has multiple redirects
/docs/changelog /docs/overview/changelog
/docs/overview/changelog /docs/releases/changelog
# Redirects are case sensitive https://answers.netlify.com/t/case-sensitivity-with-redirects/956/2
/docs/CHANGELOG /docs/releases/changelog
/docs/CHANGELOG.html /docs/deploy/core/changelog

# Consolidated Reference Page redirects
# Autocert
/docs/reference/autocert/autocert-ca /docs/reference/autocert#autocert-ca
/docs/reference/autocert-directory /docs/reference/autocert#autocert-directory
/docs/reference/autocert/autocert-directory /docs/reference/autocert#autocert-directory
/docs/reference/autocert/autocert-eab-mac-key /docs/reference/autocert#autocert-eab-mac-key
/docs/reference/autocert/autocert-eab-key-id /docs/reference/autocert#autocert-eab-key-id
/docs/reference/autocert/autocert-email /docs/reference/autocert#autocert-email
/docs/reference/autocert/autocert-must-staple /docs/reference/autocert#autocert-must-staple
/docs/reference/autocert/autocert-trusted-certificate-authority /docs/reference/autocert#autocert-trusted-certificate-authority
/docs/reference/autocert/autocert-use-staging /docs/reference/autocert#autocert-use-staging

# Databroker
/docs/reference/data-broker-internal-service-url /docs/reference/databroker#data-broker-internal-service-url
/docs/reference/data-broker-service /docs/reference/databroker#data-broker-service
/docs/reference/data-broker-service-url /docs/reference/databroker#data-broker-service-url
/docs/reference/data-broker-storage-certificate-authority /docs/reference/databroker#data-broker-storage-certificate-authority
/docs/reference/data-broker-storage-certificate-file /docs/reference/databroker#data-broker-storage-certificate-file
/docs/reference/data-broker-storage-certificate-key-file /docs/reference/databroker#data-broker-storage-certificate-key-file
/docs/reference/data-broker-storage-connection-string /docs/reference/databroker#data-broker-storage-connection-string
/docs/reference/data-broker-storage-tls-skip-verify /docs/reference/databroker#data-broker-storage-tls-skip-verify
/docs/reference/data-broker-storage-type /docs/reference/databroker#data-broker-storage-type

# Cookies
/docs/reference/cookie-domain /docs/reference/cookies#cookie-domain
/docs/reference/expiration /docs/reference/cookies#expiration
/docs/reference/cookie-http-only /docs/reference/cookies#cookie-http-only
/docs/reference/cookie-name /docs/reference/cookies#cookie-name
/docs/reference/cookie-secret-file /docs/reference/cookies#cookie-secret-file
/docs/reference/cookie-secret /docs/reference/cookies#cookie-secret
/docs/reference/cookie-secure /docs/reference/cookies#cookie-secure
/docs/reference/javascript-security /docs/reference/cookies#javascript-security
/docs/reference/cookie-expire /docs/reference/cookies#cookie-expire

# IdP Settings
/docs/reference/identity-provider-client-id /docs/reference/identity-provider-settings#identity-provider-client-id
/docs/reference/identity-provider-client-secret /docs/reference/identity-provider-settings#identity-provider-client-secret
/docs/reference/identity-provider-client-secret-file /docs/reference/identity-provider-settings#identity-provider-client-secret-file
/docs/reference/identity-provider-name /docs/reference/identity-provider-settings#identity-provider-name
/docs/reference/identity-provider-request-params /docs/reference/identity-provider-settings#identity-provider-request-params
/docs/reference/identity-provider-scopes /docs/reference/identity-provider-settings#identity-provider-scopes
/docs/reference/identity-provider-url /docs/reference/identity-provider-settings#identity-provider-url
/docs/reference/identity-provider-refresh-directory-settings /docs/releases/upgrading#idp-directory-sync

# Certificates
/docs/reference/certificate-authority /docs/reference/certificates#certificate-authority
/docs/reference/certificates /docs/reference/certificates#certificates
/docs/reference/client-certificate-authority /docs/reference/downstream-mtls-settings#ca
/docs/reference/client-crl /docs/reference/downstream-mtls-settings#crl

# Branding
/docs/reference/branding/darkmode-primary-color /docs/reference/branding#darkmode-primary-color
/docs/reference/branding/darkmode-secondary-color /docs/reference/branding#darkmode-secondary-color
/docs/reference/branding/error-message-first-paragraph /docs/reference/branding#error-message-first-paragraph
/docs/reference/branding/favicon-url /docs/reference/branding#favicon-url
/docs/reference/branding/logo-url /docs/reference/branding#logo-url
/docs/reference/branding/primary-color /docs/reference/branding#primary-color
/docs/reference/branding/secondary-color /docs/reference/branding#secondary-color

# TLS
/docs/reference/routes/tls-server-name /docs/reference/routes/tls#tls-upstream-server-name
/docs/reference/tls-upstream-server-name /docs/reference/routes/tls#tls-upstream-server-name
/docs/reference/routes/tls-upstream-server-name /docs/reference/routes/tls#tls-upstream-server-name
/docs/reference/tls-downstream-server-name /docs/reference/routes/tls#tls-downstream-server-name
/docs/reference/routes/tls-downstream-server-name /docs/reference/routes/tls#tls-downstream-server-name
/docs/reference/routes/tls-client-certificate /docs/reference/routes/tls#tls-client-certificate
/docs/reference/routes/tls-custom-certificate-authority /docs/reference/routes/tls#tls-custom-certificate-authority
/docs/reference/routes/tls-downstream-client-certificate-authority /docs/reference/routes/tls#tls-downstream-client-certificate-authority
/docs/reference/routes/tls-skip-verification /docs/reference/routes/tls#tls-skip-verification
/docs/reference/routes/tls-upstream-allow-renegotiation /docs/reference/routes/tls#tls-upstream-allow-renegotiation

# Metrics
/docs/reference/metrics-client-certificate-authority /docs/reference/metrics#metrics-client-certificate-authority
/docs/reference/metrics-address /docs/reference/metrics#metrics-address
/docs/reference/metrics-basic-authentication /docs/reference/metrics#metrics-basic-authentication
/docs/reference/metrics-certificate /docs/reference/metrics#metrics-certificate

# gRPC
/docs/reference/grpc-client-dns-roundrobin /docs/reference/grpc#grpc-client-dns-roundrobin
/docs/reference/grpc-address /docs/reference/grpc#grpc-address
/docs/reference/grpc-insecure /docs/reference/grpc#grpc-insecure
/docs/reference/grpc-client-timeout /docs/reference/grpc#grpc-client-timeout

# Headers
/docs/reference/routes/host-rewrite /docs/reference/routes/headers#host-rewrite
/docs/reference/routes/set-request-headers /docs/reference/routes/headers#set-request-headers
/docs/reference/routes/remove-request-headers /docs/reference/routes/headers#remove-request-headers
/docs/reference/routes/set-response-headers /docs/reference/routes/headers#set-response-headers
/docs/reference/routes/rewrite-response-headers /docs/reference/routes/headers#rewrite-response-headers
/docs/reference/routes/set-authorization-header /docs/reference/routes/headers#set-authorization-header

# Timeouts
/docs/reference/routes/websocket-connections /docs/reference/routes/timeouts#websocket-connections
/docs/reference/routes/spdy /docs/reference/routes/timeouts#spdy
/docs/reference/routes/route-timeout /docs/reference/routes/timeouts#route-timeout
/docs/reference/routes/idle-timeout /docs/reference/routes/timeouts#idle-timeout

# Path Matching
/docs/reference/routes/path /docs/reference/routes/path-matching#path
/docs/reference/routes/prefix /docs/reference/routes/path-matching#prefix
/docs/reference/routes/regex /docs/reference/routes/path-matching#regex

# Path Rewriting
/docs/reference/routes/prefix-rewrite /docs/reference/routes/path-rewriting#prefix-rewrite
/docs/reference/routes/regex-rewrite /docs/reference/routes/path-rewriting#regex-rewrite

# Load Balancer
/docs/reference/routes/load-balancing-policy /docs/reference/routes/load-balancing#load-balancing-policy
/docs/reference/routes/health-checks /docs/reference/routes/load-balancing#health-checks

/docs/internals/docs/reference/default-upstream-timeout /docs/reference/default-upstream-timeout
/docs/reference/identity-provider-service-account /docs/releases/upgrading
/reference/ /docs/reference/
/docs/reference/routes/signout-redirect-url /docs/reference/signout-redirect-url
/reference/* /docs/reference/:splat

# Pass Identity Headers
/docs/reference/routes/pass-identity-headers /docs/reference/routes/pass-identity-headers-per-route

# Topics links - now concepts
/docs/topics/auth-logs /docs/capabilities/audit-logs
/docs/topics/single-sign-out.html /docs/capabilities/single-sign-out
/docs/topics/single-sign-out /docs/capabilities/single-sign-out

#redirects topics
# /docs/topics/orc.html uses multiple redirects - still 404s
/docs/topics/original-request-context.html /docs/concepts/original-request-context
/docs/concepts/original-request-context /docs/capabilities/original-request-context

/docs/topics/load-balancing.html /docs/capabilities/routing
/docs/topics/certificates /docs/concepts/certificates
/docs/certificates.html /docs/concepts/certificates

# multiple redirects - still 404s
/docs/topics/impersonation.html /docs/concepts/impersonation
/docs/concepts/impersonation /docs/capabilities/service-accounts

/docs/topics/ /docs/concepts/access-control
/docs/topics/* /docs/concepts/:splat 301!
/docs/topics/device-identity /docs/concepts/device-identity
/docs/topics/mutual-auth /docs/concepts/mutual-auth

# multiple redirects
/docs/topics/original-request-context /docs/concepts/original-request-context
/docs/concepts/original-request-context /docs/capabilities/original-request-context
# multiple redirects
/docs/topics/ppl /docs/concepts/ppl
/docs/concepts/ppl /docs/capabilities/ppl
# multiple redirects
/docs/topics/ppl.html /docs/concepts/ppl.html
/docs/concepts/ppl.html /docs/capabilities/ppl.html
# multiple redirects
/docs/topics/load-balancing /docs/concepts/load-balancing
/docs/concepts/load-balancing /docs/capabilities/routing

# flattened the changelog, and upgrading guide
/docs/overview/upgrading/archive  /docs/overview/upgrading
/docs/overview/changelog/archive  /docs/overview/upgrading
/docs/overview/upgrading /docs/releases/upgrading
/enterprise/changelog /docs/releases/enterprise/changelog
/docs/enterprise/changelog /docs/releases/enterprise/changelog
/docs/enterprise/changelog.html /docs/releases/enterprise/changelog

# domain
# redirect all the `.io` domains to `com` for latest docs
http://docs.pomerium.io/* https://docs.pomerium.com/:splat 301!
https://docs.pomerium.io/* https://docs.pomerium.com/:splat 301!

https://0-16-0.docs.pomerium.io/ https://0-16-0.docs.pomerium.com/:splat 301!
https://0-15-0.docs.pomerium.io/ https://0-15-0.docs.pomerium.com/:splat 301!
https://0-14-0.docs.pomerium.io/ https://0-14-0.docs.pomerium.com/:splat 301!
https://0-13-0.docs.pomerium.io/ https://0-13-0.docs.pomerium.com/:splat 301!
https://0-12-0.docs.pomerium.io/ https://0-12-0.docs.pomerium.com/:splat 301!
https://0-11-0.docs.pomerium.io/ https://0-11-0.docs.pomerium.com/:splat 301!
https://0-10-0.docs.pomerium.io/ https://0-10-0.docs.pomerium.com/:splat 301!
